Region,Latitude,Longitude
North East,54.9456,-2.026
North West,54.429,-2.8945
Yorkshire and the Humber,53.9591,-1.2792
West Midlands,52.3851,-2.184
East Midlands,52.8452,-0.5392
South West,50.7772,-3.584
South East,50.9772,0.1276
London,51.4952,-0.0876
East of England,51.8751,0.7403
